city	population	area
Tokyo-Yokohama	38050000	8547
Jakarta	32275000	3302
Seoul	24210000	2745
Delhi	27280000	2202
Shanghai	24115000	4015
Manila	24650000	1787
Karachi	20877000	803
New York	21575000	11875
Sao Paulo	21100000	3043
Mumbai	23265000	881
Beijing	21250000	4144
